country_code,country_name,is_benchmark,year,mobile_sub,broadband,net_user,agr_emp,ind_emp,srv_emp,youth_unemp,unemp,ind_emp_n,agr_emp_n,srv_emp_n,unemp_n,youth_unemp_n,net_user_n,mobile_sub_n,broadband_n,evi_main,evi_robust_010,evi_robust_020,dri,risk_gap,risk_gap_robust_010,risk_gap_robust_020
CHN,China,True,2015,92.5401171363348,19.8437947555032,50.29999924,28.3004717268993,29.2998175326072,42.3997107404935,10.68,4.65,0.8210042699954163,0.38719554228724923,0.33131020435603536,0.9282933825035854,0.6115398314139855,0.47896109144811927,0.3170058211686992,0.4178393935768814,0.7086986929354675,0.6709598440775243,0.6332209952195811,0.40460210206456665,0.30409659087090085,0.26635774201295764,0.22861889315501444
CHN,China,True,2016,97.2138770934621,22.9761329915729,53.2,27.4221249065299,29.6444492814543,42.9334259446319,10.574,4.56,0.8332933675473658,0.37514447108219456,0.3394812454498757,0.9098545380045072,0.6052475365071827,0.5106248387587036,0.3530013962282189,0.4845140029624725,0.7037924231085712,0.6673613053427015,0.6309301875768321,0.449380079316465,0.25441234379210614,0.21798122602623654,0.18155010826036705
CHN,China,True,2017,104.073181609424,27.9101271418763,54.3,26.6835826166189,29.9706060456204,43.3458036346466,10.431,4.47,0.844923672374109,0.3650115423605781,0.34579464073104,0.8914156935054292,0.5967588745102694,0.522635222522066,0.40582922924174136,0.5895384632503399,0.6985230521882729,0.6632502110425497,0.6279773698968263,0.5060009716713824,0.19252208051689057,0.1572492393711673,0.12197639822544393
CHN,China,True,2018,116.229125477063,28.7089097131815,65.35839844,25.7514953274594,30.3637847933889,43.8847198791517,9.674,4.31,0.8589438896142337,0.3522231425730506,0.3540453084014468,0.8586355255070681,0.5518223910720645,0.64337668531531,0.4994498246340327,0.6065412617707892,0.6807422745436634,0.6480725779294418,0.6154028813152201,0.5831225905733772,0.0976196839702862,0.06494998735606461,0.03228029074184291
CHN,China,True,2019,122.670391850252,31.5611222411202,64.080881297515,24.7219896643701,30.7587386897164,44.5192735154599,10.681,4.56,0.8730274062279181,0.3380981457447153,0.36376015968976705,0.9098545380045072,0.6115991926866912,0.62942807518302,0.5490580820844206,0.6672531459457299,0.7098912836901181,0.6752781712900829,0.640665058890048,0.6152464344043902,0.09464484928572792,0.060031736885692744,0.025418624485657793
CHN,China,True,2020,120.496715387079,33.9069794578039,70.05275998,23.5998596785258,31.1322866175828,45.2678537038915,12.65,5.0,0.8863476152372031,0.3227023270918403,0.37522072786223215,1.0,0.7284815386441885,0.6946322158783728,0.5323172278251133,0.7171868063006889,0.762565134650576,0.7238306939717416,0.6850962532929072,0.6480454166680584,0.11451971798251759,0.07578527730368323,0.03705083662484887
CHN,China,True,2021,121.491918368395,37.5611751315805,73.05323517,22.8687780404897,31.5342449659426,45.5969845625275,12.404,4.55,0.9006809010454288,0.3126717598120775,0.3802596357859951,0.9078057775046097,0.7138786655585896,0.7273929963368706,0.5399819140610397,0.7949696160758175,0.7381597330418439,0.7023697233162591,0.6665797135906741,0.6874481754912426,0.050711557550601305,0.014921547825016535,-0.020868461900568458
CHN,China,True,2022,124.195248970763,41.3736197056022,75.61131603,24.0801085619325,30.9312938882327,44.9886051327682,14.673,4.98,0.8791804889742313,0.32929142533397676,0.3709455047987855,0.995902479000205,0.8485693933277929,0.7553234807244271,0.5608019691132559,0.8761208946478476,0.7907303998410642,0.7487519103368363,0.7067734208326084,0.7307487814951769,0.05998161834588733,0.018003128841659444,-0.023975360662568446
CHN,China,True,2023,128.247014127486,44.728886496649,90.6,22.8008772042629,31.4267217641686,45.7723935112505,15.562,4.67,0.8968467704984927,0.31174014852451365,0.3829451012123674,0.9323909035033805,0.9013415647631485,0.9189778867130258,0.5920071696713121,0.9475407368926597,0.7898351779210828,0.7491461702502114,0.7084571625793398,0.8195085977589992,-0.02967341983791638,-0.07036242750878785,-0.11105143517965943
CHN,China,True,2024,131.753932036803,47.1933952081567,92.0,22.216498294765,31.6324437528704,46.1510599840955,15.044,4.59,0.9041825356919053,0.30372236820610865,0.38874238651824694,0.9160008195042,0.8705924255016028,0.9342638296845781,0.6190161577216917,1.0,0.778647545600244,0.7396570296920443,0.7006665137838446,0.8510933291354233,-0.07244578353517939,-0.11143629944337907,-0.15042681535157876
IDN,Indonesia,False,2015,129.468797674053,1.52139473860752,22.062742603379,32.7770295687741,22.1218830739339,45.1010964067699,17.224,4.514,0.5650489290286392,0.44861469478476806,0.3726677169738165,0.9004302397049785,1.0,0.17065173814778234,0.6014168958361898,0.027830789121087128,0.73434517759179,0.6981774315299927,0.6620096854681953,0.2666331410350198,0.4677120365567702,0.4315442904949729,0.3953765444331755
IDN,Indonesia,False,2016,145.704251250337,1.9753784545485,25.447353701827,31.5553329221477,21.8107246597619,46.6339424180905,15.997,4.301,0.5539534448816864,0.43185280422167666,0.39613519110967016,0.8567916410571604,0.9271637183901222,0.20760671831332428,0.7264563700905926,0.03749423688647413,0.698545434170662,0.6683044098645627,0.6380633855584635,0.32385244176346367,0.3746929924071983,0.34445196810109907,0.31421094379499986
IDN,Indonesia,False,2017,162.782511760443,2.32504234259027,32.335806250688,30.5222024429742,22.1220312359547,47.3557647336161,14.553,3.783,0.5650542122839783,0.41767807428595954,0.40718610320075826,0.7506658471624666,0.8414460406031106,0.28281849890199035,0.8579868324413803,0.04493714419545139,0.6510798504837797,0.6266904757554775,0.6023011010271755,0.395247491846274,0.2558323586375057,0.23144298390920354,0.2070536091809015
IDN,Indonesia,False,2018,118.330216938024,3.28729591276809,39.9046386385762,29.4464900769988,22.3847562001086,48.1687622744529,16.369,4.387,0.5744226257415909,0.40291911345420584,0.4196328843002264,0.8744109813562794,0.9492461118366378,0.3654590276466304,0.5156316559826035,0.06541956853350714,0.7088248837115477,0.6799056837704156,0.6509864838292836,0.31550341738758036,0.39332146632396736,0.36440226638283524,0.3354830664417032
IDN,Indonesia,False,2019,125.244348145809,3.77422560918071,47.6906489788375,28.4631336137713,22.4012342408394,49.1356329001475,13.577,3.59,0.5750102101724601,0.3894272916777902,0.43443542234620813,0.7111247695144437,0.7835094384423602,0.4504708205303088,0.5688817439512129,0.07578430083881924,0.624047073376497,0.6050859082734681,0.5861247431704393,0.365045621773447,0.25900145160305,0.24004028650002107,0.22107912139699226
IDN,Indonesia,False,2020,129.40362112725,3.92993769121646,53.72649449,29.3087481652973,21.6344047291476,49.0568463452771,14.773,4.255,0.5476661169296891,0.4010292704590015,0.4332292206631825,0.8473673427576316,0.8545055205983616,0.5163733850079725,0.6009149301160654,0.07909877120054415,0.6699739050097053,0.6462994365750531,0.6226249681404008,0.3987956954415273,0.271178209568178,0.24750374113352575,0.22382927269887348
IDN,Indonesia,False,2021,132.199444256099,4.4874632789818,62.10447842,28.9871998196831,21.7614308372694,49.2513693430476,13.8,3.827,0.5521956944847909,0.396617571208773,0.4362073172138432,0.759680393362016,0.7967470022557284,0.60784865970123,0.6224473284871367,0.09096619993434805,0.634089071491628,0.6143008960638495,0.594512720636071,0.4404207293742382,0.19366834211738976,0.17388016668961132,0.15409199126183276
IDN,Indonesia,False,2022,122.873012230307,4.82151507878823,66.48461277,29.2848629874109,21.8679677163131,48.8471685544592,14.054,3.462,0.5559946541100375,0.4007015616624542,0.4300191081688148,0.6849006351157549,0.8118247655229728,0.6556732910453991,0.5506185895058032,0.0980767900392641,0.621120058725184,0.6020099636695471,0.5828998686139102,0.4347895568634888,0.18633050186169525,0.16722040680605826,0.1481103117504214
IDN,Indonesia,False,2023,125.238194847046,4.81663955789733,69.20836554,28.7792280576249,21.951549784263,49.2692149419358,13.015,3.308,0.5589750765176251,0.3937641624469015,0.436480528695789,0.6533497234173324,0.7501484031817642,0.6854126692674186,0.5688343535140662,0.09797301023438583,0.5973198870944421,0.5812359512545768,0.5651520154147115,0.4507400110052902,0.14657987608915185,0.13049594024928662,0.11441200440942129
IDN,Indonesia,False,2024,122.514946500491,4.92196685438436,72.78075544,27.9600749776458,22.2861723546005,49.7537526677536,13.075,3.301,0.5709072604319575,0.38252523965952656,0.44389867537490535,0.6519155910674043,0.7537100795441054,0.724417918041382,0.5478608993436933,0.100214995557058,0.59918364371437,0.5836551468804236,0.5681266500464771,0.45749793764737773,0.14168570606699232,0.1261572092330459,0.11062871239909938
KHM,Cambodia,False,2015,133.45841400103,0.534485428160887,6.43319107021405,42.4684239936853,24.9213861091188,32.6102017562834,0.744,0.393,0.664875384401529,0.5815823125667239,0.18143536553140183,0.0561360376971932,0.02172622581028137,0.0,0.6321434490339827,0.006823545390091747,0.3352446437106721,0.31986371589274504,0.30448278807481804,0.21298899814135816,0.12225564556931393,0.10687471775138688,0.09149378993345988
KHM,Cambodia,False,2016,125.627644524442,0.615922622642822,32.3984517141849,37.5402628887708,25.7634256473618,36.696322866151,1.137,0.716,0.6949013644880524,0.5139670847227518,0.2439928179784158,0.12231100184388444,0.04505520598361629,0.2835024953180189,0.5718337512630318,0.008557008612235493,0.3531053782478412,0.3421941222208987,0.3312828661939562,0.2879644183977621,0.06514095985007912,0.05422970382313658,0.04331844779619409
KHM,Cambodia,False,2017,115.551192369591,0.831393686402579,32.9002785437986,38.206389128721,25.4909057699602,36.3027275126302,0.382,0.141,0.6851836777994722,0.5231064526387409,0.23796697538853695,0.004507273099774635,0.00023744509082274746,0.28898170696021164,0.49422863392693867,0.013143502128371827,0.31136257341523915,0.30402301361256895,0.29668345380989875,0.265451281005174,0.04591129241006514,0.03857173260739494,0.031232172804724734
KHM,Cambodia,False,2018,119.309943480982,1.02122815035674,65.0,38.999256028288,25.0168550948899,35.9839108164185,0.38,0.129,0.6682796780664381,0.5339847244571491,0.23308597461143965,0.0020487604998975636,0.00011872254541137373,0.6394635009475005,0.5231771483994894,0.017184297782658606,0.3078227190726885,0.3003490446265636,0.29287537018043874,0.3932749823765495,-0.08545226330386102,-0.09292593774998592,-0.10039961219611077
KHM,Cambodia,False,2019,129.957441474291,1.11871609188205,52.305878224498,39.8680962570644,24.4731410912226,35.658762651713,0.378,0.119,0.6488915791644043,0.5459053635714307,0.22810804069688237,0.0,0.0,0.5008623427087417,0.6051802501269922,0.019259415452313983,0.3038485464636074,0.2962744958869349,0.28870044531026245,0.3751006694293493,-0.07125212296574185,-0.07882617354241439,-0.08640022411908682
KHM,Cambodia,False,2020,126.075894769858,1.39770029835926,56.37590027,36.8999777254893,25.1450484861575,37.9549737883533,0.474,0.172,0.6728508793445355,0.5051822608749234,0.26326243654721343,0.010858430649457075,0.005698682179745933,0.545301003337673,0.5752860092956067,0.02519784278350695,0.30703099418564606,0.30265413842180283,0.29827728265795955,0.3819282851389289,-0.07489729095328285,-0.07927414671712607,-0.08365100248096935
KHM,Cambodia,False,2021,117.234785164989,1.98089406311481,60.76269913,37.1315873016896,26.4143976143543,36.4540258308825,0.83,0.396,0.7181141358961346,0.5083599845597299,0.24028331332735253,0.05675066584716247,0.026831295262970435,0.5931984013388373,0.5071950445668346,0.03761164152766128,0.33800172795831956,0.32822988649522283,0.31845804503212616,0.3793350291444444,-0.04133330118612483,-0.05110514264922156,-0.06087698411231823
KHM,Cambodia,False,2022,113.391506572248,2.9638308346303,65.49079895,36.1906415430912,27.0439382363786,36.765430397567,0.687,0.245,0.7405626948082271,0.4954500450301548,0.24505083632736951,0.02581438229870928,0.01834263326605723,0.6448223043476417,0.47759553061475646,0.058534326229094345,0.33229807133969075,0.32357334783845865,0.31484862433722655,0.39365072039716414,-0.061352649057473396,-0.0700773725587055,-0.0788020960599376
KHM,Cambodia,False,2023,120.80911943838,3.64181801068419,68.92549896,35.304617697339,27.5630254285235,37.1323568741375,0.703,0.256,0.7590726352405185,0.48329364370106975,0.2506683853408282,0.0280680188485966,0.01929241362934821,0.6823241818313914,0.5347232485837007,0.07296588716695573,0.3362206274318557,0.32766540322275295,0.3191101790136502,0.43000443919401593,-0.09378381176216022,-0.10233903597126298,-0.11089426018036574
KHM,Cambodia,False,2024,116.091961125929,4.14566160137529,68.47530365,34.1649557689114,28.4335285509441,37.4015058521057,0.704,0.254,0.7901135878703633,0.467657283745449,0.25478898625736673,0.027658266748617086,0.0193517749020539,0.677408710520877,0.49839343540094755,0.08369064677749966,0.34231804352286654,0.3335651377963166,0.3248122320697666,0.41983093089977475,-0.0775128873769082,-0.08626579310345817,-0.09501869883000813
LAO,Laos,False,2015,54.7979496136596,0.213918838751508,18.20000076,72.9649532307863,6.27582116644838,20.7592256027653,3.899,2.006,0.0,1.0,0.0,0.3866011063306699,0.20901104119672326,0.12847627276798257,0.026329569834976942,0.0,0.3489030368818483,0.3140127331936635,0.27912242950547866,0.05160194753431984,0.29730108934752847,0.26241078565934367,0.22752048197115882
LAO,Laos,False,2016,57.2966195875928,0.353548994456637,21.87000084,71.8509145672025,6.37590963228787,21.7731758005097,4.836,2.634,0.0035690180160161712,0.9847151956964035,0.01552331406082357,0.5152632657242368,0.2646325537219518,0.1685472812883196,0.0455734042254283,0.0029721522353123,0.3929876994056327,0.3552412608711518,0.3174948223366709,0.07236427924968673,0.32062342015594597,0.2828769816214651,0.24513054308698418
LAO,Laos,False,2017,52.8887895907566,0.387808918792952,25.51040077,70.5291019202622,6.51502934586047,22.9559052518719,5.779,3.268,0.008529837027068655,0.9665796961891361,0.03363059463863081,0.6451546814177422,0.3206102338834144,0.20829509966233573,0.011625923619633381,0.003701405240750784,0.43731611917123697,0.3969475667179763,0.3565790142647158,0.07454080950757329,0.36277530966366367,0.322406757210403,0.2820382047571425
LAO,Laos,False,2018,51.3792491489602,0.636626171692238,36.27130127,69.8638841171341,6.79373611797991,23.342344814088,5.128,2.897,0.01846813993277201,0.9574527921844113,0.03954688392300836,0.5691456668715426,0.28196604535201236,0.3257883220662981,0.0,0.008997702094781393,0.4098089284726026,0.3727827240176432,0.33575651956268376,0.1115953413870265,0.2982135870855761,0.2611873826306167,0.22416117817565728
LAO,Laos,False,2019,64.0668582946144,1.0539352904733,47.03229904,69.3587576077181,7.00855639208981,23.6326860001921,4.472,2.531,0.02612833755967242,0.9505223685847985,0.04399193203948605,0.4941610325752919,0.2430250504570818,0.443282606515741,0.09771528523449274,0.017880498392886354,0.3822394957429549,0.34841473937260803,0.31458998300226115,0.18629279671437335,0.19594669902858156,0.16212194265823468,0.1282971862878878
LAO,Laos,False,2020,63.1139885984314,1.67210846259045,54.0,69.9552282806947,6.9752200520285,23.0695516672768,4.237,2.349,0.024939609195530444,0.95870605000206,0.03537049172839084,0.4568735914771564,0.2290751513712454,0.5193596633138763,0.0903766343440908,0.031038864979529023,0.3707102784711716,0.33717629979689356,0.30364232112261547,0.21359172087916536,0.15711855759200624,0.1235845789177282,0.0900506002434501
LAO,Laos,False,2021,64.7101497693472,2.0226898696049,62.0,69.8577324066029,7.09983537042888,23.0424322229682,3.326,2.08,0.02938322128122064,0.9573683896455449,0.03495530008279132,0.4017619340299119,0.1749970319363647,0.606707908865603,0.10266967886538127,0.03850130249709066,0.34447838580504436,0.31352607723281906,0.28257376866059375,0.24929296340935828,0.09518542239568609,0.06423311382346078,0.033280805251235474
LAO,Laos,False,2022,63.3546046458219,2.38186047453058,64.54000092,69.5659733337719,7.17840668729181,23.2556199789363,2.184,1.209,0.032184967147478795,0.9533654044011417,0.038219149231572956,0.22331489448883426,0.10720645850647038,0.6344409868733244,0.09222977037885055,0.046146568742748216,0.2829589092732982,0.2584849332691257,0.23401095726495316,0.25760577533164103,0.02535313394165717,0.0008791579374846648,-0.023594818066687867
LAO,Laos,False,2023,64.7588066942788,2.72021122524182,64.39800262,69.3876980673051,7.24890970605785,23.3633634152757,2.176,1.186,0.03469900852126757,0.9509194367258811,0.039868673245680886,0.21860274533906984,0.10673156832482489,0.6328905740762835,0.10304441655187074,0.053348665846827195,0.2819271683175302,0.25772131881034527,0.23351546930316033,0.26309455215832717,0.01883261615920301,-0.005373233347981898,-0.029579082855166833
LAO,Laos,False,2024,64.7588066942788,2.72021122524182,65.59269714,68.9120737008234,7.39985422237704,23.6880438034049,2.178,1.174,0.040081483850902225,0.9443937876606071,0.044839445622402864,0.21614423273919275,0.10685029087023624,0.6459348828628162,0.10304441655187074,0.053348665846827195,0.2816518335897494,0.2579705947930147,0.2342893559962801,0.26744265508717135,0.014209178502578024,-0.009472060294156648,-0.033153299090891264
MYS,Malaysia,False,2015,141.210531313909,9.80955980953099,71.0640678111957,12.4690778902687,27.5188412788598,60.0120876639206,10.979,3.1,0.7574970887991834,0.16998606423590085,0.6009511186220049,0.6107355050194632,0.6292888519529858,0.705674211474331,0.691847396854497,0.20425176507562193,0.5712524287300474,0.5742222977192433,0.577192166708439,0.5339244578014833,0.0373279709285641,0.040297839917759926,0.04326770890695564
MYS,Malaysia,False,2016,136.725167298764,8.55245970508987,78.7883099275229,11.3671005610583,27.4867972058341,61.1460887965168,10.836,3.44,0.7563544409128758,0.1548667435385419,0.6183123813011586,0.6803933620159802,0.6208001899560727,0.7900115861090732,0.6573027778416591,0.17749326963058137,0.5831780689745844,0.5866915002072417,0.5902049314398993,0.5416025445271045,0.041575524447479806,0.045088955680137155,0.048602386912794726
MYS,Malaysia,False,2017,130.853522804244,8.30705146836206,80.1404790103961,11.2939340883286,27.7174531720201,60.9886193008338,11.277,3.41,0.7645793176947782,0.1538628868019541,0.6159015642394088,0.6742470805162877,0.6469785112192805,0.8047752857438558,0.6120815379696787,0.17226953672223355,0.5904527706027163,0.5929976499663855,0.5955425293300548,0.5297087868119227,0.0607439837907936,0.0632888631544628,0.06583374251813212
MYS,Malaysia,False,2018,128.873150399987,8.19179819298533,81.2010486181174,10.6274389987205,27.1110391043493,62.2615155183785,11.395,3.3,0.7429554201304616,0.14471845820447987,0.6353892745783756,0.6517107150174144,0.6539831413985515,0.8163551475588481,0.5968294402630928,0.16981626809764355,0.5782537817840259,0.5839673310634608,0.5896808803428958,0.5276669519731948,0.05058682981083107,0.05630037909026597,0.06201392836970099
MYS,Malaysia,False,2019,133.372921941941,8.86497357882019,84.1871450078281,10.2240384296119,27.9242134883929,61.8517542998961,11.211,3.33,0.7719521082350502,0.13918373220587857,0.6291159367965021,0.6578569965171072,0.6430606672207052,0.8489589326450449,0.631485020732538,0.1841454057947435,0.5846517948461438,0.5890982090411796,0.5935446232362155,0.5548631197241088,0.02978867512203498,0.034235089317070755,0.03868150351210664
MYS,Malaysia,False,2020,129.017911652905,9.91101742902637,89.55501192,10.470225235867,26.1668675751684,63.3629009801003,12.365,4.54,0.7092875527134488,0.14256145802342918,0.6522511998113567,0.9057570170047121,0.7115635759230678,0.9075681522867175,0.5979443380312536,0.20641138087673488,0.6456287056506654,0.6462909550667346,0.6469532044828037,0.5706412903982353,0.07498741525243013,0.07564966466849932,0.07631191408456839
MYS,Malaysia,False,2021,137.684938559871,10.8921782282506,96.7514278,10.2892948363062,25.9296867517211,63.7810123268587,11.579,4.64,0.7008300084316282,0.14007906146013405,0.6586523758874235,0.9262446220036877,0.6649056155763979,0.9861424399590407,0.6646945820391476,0.22729626242605755,0.6360523742165367,0.6383123743836254,0.6405723745507141,0.6260444281414153,0.010007946075121454,0.01226794624221017,0.014527946409298886
MYS,Malaysia,False,2022,138.208441079076,12.1753566089982,97.3986404,10.0105928565176,26.0718420292351,63.9175651142473,12.159,3.93,0.7058990715076162,0.13625522180416583,0.6607429635802211,0.7807826265109609,0.6993351537456963,0.9932090505976622,0.6687264053241999,0.2546098572106783,0.6090502108772823,0.6142194861475762,0.6193887614178701,0.6388484377108469,-0.02979822683356459,-0.024628951563270718,-0.019459676292976735
MYS,Malaysia,False,2023,142.7320920639,13.0287000355119,97.69272633,9.74966658350567,25.9966868796068,64.2536465368875,12.146,3.858,0.7032191414999972,0.13267526793809062,0.6658882828328413,0.7660315509116984,0.6985634572005224,0.9964200368510306,0.7035658964536045,0.27277403213259016,0.6036495480656725,0.6098734215423894,0.6160972950191064,0.6575866551457418,-0.05393710708006927,-0.047713233603352334,-0.0414893601266354
MYS,Malaysia,False,2024,139.664651283564,13.5464432669708,98.0206059,9.43694338106628,26.0022237887699,64.5608215166271,12.25,3.846,0.7034165801198263,0.1283846511877677,0.6705910519557553,0.7635730383118213,0.7047370295619138,1.0,0.6799415991293829,0.28379465797754044,0.6037794212419352,0.6104605843133173,0.6171417473846992,0.6545787523689744,-0.05079933112703927,-0.04411816805565716,-0.03743700498427527
PHL,Philippines,False,2015,111.893197374926,2.75369633406674,36.90000153,27.851386470164,17.0786139842483,55.0699923441241,8.509,3.068,0.385212840127338,0.3810340144254175,0.5252889234388579,0.604179471419791,0.48266650836993946,0.3326528051524123,0.4660561058969063,0.05406142621396332,0.4634821498707175,0.46966282722753155,0.47584350458434566,0.28425677908776065,0.17922537078295686,0.1854060481397709,0.191586725496585
PHL,Philippines,False,2016,112.517998777897,2.79705053563184,39.20000076,26.7234128847963,17.8383742084965,55.4382082448058,7.634,2.695,0.4123048522333368,0.36555802057031356,0.5309262132004126,0.5277607047736118,0.4307253947524635,0.35776541734126516,0.4708680958159948,0.054984259010655234,0.43642458466558254,0.4458747475190656,0.4553249103725486,0.2945392573893051,0.14188532727627745,0.1513354901297605,0.1607856529832435
PHL,Philippines,False,2017,110.962137119646,3.14400726239576,41.59999847,25.1806891263771,18.6636563552646,56.1556474029791,7.379,2.552,0.44173328662292377,0.34439158217571625,0.5419100202913646,0.4984634296250768,0.4155882702125133,0.3839698660033479,0.45888542327492887,0.06236954198051548,0.4299112273814179,0.4411111066724126,0.45231098596340724,0.3017416104195974,0.1281696169618205,0.1393694962528152,0.15056937554380984
PHL,Philippines,False,2018,122.960456861544,3.46090446005956,44.09999847,24.0341655328165,19.4736780800466,56.4921563871369,6.605,2.338,0.4706175552033581,0.3286610789805625,0.5470618853997208,0.45461995492726903,0.3696426451383118,0.4112661927382625,0.5512920557976362,0.06911498109890837,0.41298313237351514,0.4263910076761357,0.4397988829787563,0.34389107654493567,0.06909205582857947,0.08249993113120002,0.09590780643382063
PHL,Philippines,False,2019,151.006642923206,5.69730703529922,43.0266118680279,22.6054798824319,19.5373267098625,57.8572001865167,6.696,2.237,0.4728871784271968,0.3090592632704724,0.5679603512727892,0.43392747387830366,0.3750445209545292,0.3995463881781384,0.7672934347251745,0.11671880191748372,0.40592100489046173,0.4221249395286945,0.4383288741669273,0.4278528749402655,-0.021931870049803792,-0.005727935411571017,0.010475999226661759
PHL,Philippines,False,2020,133.45620905917,7.08108894988907,53.76490021,24.5081370532987,18.7126188899983,56.779244056703,6.987,2.522,0.4434792237507306,0.3351640507111334,0.5514571230234012,0.492317148125384,0.39231865131188415,0.5167927190406163,0.6321264673851705,0.14617383252934088,0.42123552712676293,0.4342576867164268,0.44727984630609063,0.4316976729850426,-0.010462145858279648,0.002560013731384203,0.015582173321048054
PHL,Philippines,False,2021,144.424289981649,8.50897715713263,66.90779877,24.325505789458,18.8641776384679,56.8103235196599,8.434,3.398,0.4488836017600841,0.332658317993973,0.551932941525528,0.6717885679164105,0.4782144129170129,0.6602938603756557,0.7165985805714545,0.17656770486661227,0.48869748933517565,0.4950210345542109,0.5013445797732461,0.5178200486045742,-0.02912255926939855,-0.022799014050363275,-0.01647546883132811
PHL,Philippines,False,2022,147.428926406785,7.63946525096298,75.21114422,22.8363518329959,18.4442054471222,58.7194427198819,6.813,2.598,0.4339079669097875,0.3122268666032043,0.5811610604119597,0.5078877279246056,0.3819897898610946,0.7509541925340822,0.7397391819201866,0.15805936945366356,0.41508714284000214,0.4316945345971979,0.44830192635439364,0.5495842479693108,-0.13449710512930868,-0.1178897133721129,-0.10128232161491718
PHL,Philippines,False,2023,117.275521687262,6.5393085505183,77.86699677,22.0370920130941,18.9439273601805,59.0189887451559,6.912,2.2,0.45172736793411056,0.3012608828054547,0.5857470322243267,0.4263470600286827,0.38786655585895763,0.7799522001199047,0.5075087822338505,0.13464155415504217,0.39932379091323417,0.41796611504434344,0.43660843917545267,0.4740341788362658,-0.07471038792303164,-0.05606806379192236,-0.03742573966081314
PHL,Philippines,False,2024,115.298749599352,7.13893301204977,67.26300914,21.1858721910537,19.4979246002047,59.3162032087416,6.964,2.202,0.4714821530023566,0.2895819987374864,0.5902973084330829,0.4267568121286622,0.3909533420396534,0.6641722357033156,0.4922844128356278,0.1474050949151935,0.40378858419028313,0.4224394566145631,0.4410903290388431,0.43462058115137897,-0.030831996961095842,-0.012181124536815857,0.006469747887464128
SGP,Singapore,False,2015,149.006215002154,26.8978922564041,79.0129570025584,0.121459660055481,17.2904642702552,82.5880760696893,8.894,3.79,0.39276713203415314,0.0005745936706065352,0.9465836349288884,0.752099979512395,0.5055205983616289,0.7924644020931578,0.7518868768266288,0.5679921420969732,0.43235020281287323,0.48377354602447475,0.5351968892360763,0.7041144736722532,-0.27176427085938,-0.22034092764777846,-0.16891758443617688
SGP,Singapore,False,2016,151.681717052742,28.5392609803278,84.4522678893074,0.118979259162807,16.1568033087095,83.7242174321277,8.723,4.08,0.35234233021633526,0.0005405621387770873,0.9639776639708052,0.8115140340094243,0.49536982072895647,0.8518536849641493,0.7724926066388704,0.6029301373827748,0.4325317751772512,0.48567636405660664,0.538820952935962,0.7424254763285981,-0.3098937011513469,-0.2567491122719915,-0.20360452339263613
SGP,Singapore,False,2017,149.567868255938,26.3326099315534,84.4522678893074,0.117077595142899,15.8830026161212,83.9999197887359,9.338,4.2,0.3425789714072147,0.0005144709775403863,0.9681985954114805,0.8360991600081951,0.5318770034429537,0.8518536849641493,0.7562125229957642,0.5559596043052402,0.4448706264804597,0.4972034233735618,0.5495362202666638,0.7213419374217178,-0.2764713109412581,-0.224138514048156,-0.171805717155054
SGP,Singapore,False,2018,152.07381696158,26.50873593831,88.1656360313447,0.115089283007242,16.0388461549063,83.8460645620865,8.437,3.613,0.3481361391881228,0.00048719098907910896,0.965843111869497,0.7158369186642081,0.47839249673512996,0.8923982090009785,0.7755124154927434,0.5597086032377039,0.4030956338040872,0.4593703816106282,0.5156451294171692,0.742539742577142,-0.33944410877305475,-0.28316936096651374,-0.22689461315997272
SGP,Singapore,False,2019,159.347378272364,26.5276177370284,88.9492526850762,0.113041897035994,14.9655328914049,84.9214552678997,7.629,3.1,0.30986325387475633,0.0004591004973148615,0.9823070641440418,0.6107355050194632,0.430428588388935,0.9009541514870487,0.8315307015224067,0.5601105191417878,0.3533418196139894,0.41623834406699467,0.4791348685199999,0.7641984573837477,-0.4108566377697583,-0.34796011331675303,-0.2850635888637478
SGP,Singapore,False,2020,150.259334715266,26.8622723592787,92.00434653,0.108162685533748,14.8295407728436,85.0622965416227,10.558,4.1,0.30501396063091896,0.0003921568665365781,0.984463307448291,0.8156115550092193,0.6042977561438917,0.9343112874057954,0.7615379425864569,0.5672339408593665,0.4465599473508608,0.5003502833606038,0.5541406193703469,0.7543610569505397,-0.3078011095996789,-0.25401077358993585,-0.2002204375801928
SGP,Singapore,False,2021,157.977675166643,27.5210996900631,96.92468156,0.107777556138585,14.4449638584304,85.447258585431,9.499,4.64,0.29130047302200934,0.00038687282422363733,0.9903569763097663,0.9262446220036877,0.5414341683485694,0.9880341164554456,0.8209817534798243,0.5812576674246429,0.45438721405951177,0.5079841902845372,0.5615811665095627,0.7967578457866376,-0.3423706317271258,-0.2887736555021003,-0.23517667927707486
SGP,Singapore,False,2022,173.005291258141,27.5510032505086,95.95386476,0.0909524456334748,14.5645681583865,85.3444494774124,7.924,3.591,0.29556539903277346,0.00015602938057717125,0.988782995580105,0.7113296455644336,0.44794016383711266,0.977434223426428,0.9367189089925436,0.5818941913443726,0.3785182779363341,0.4395447497007112,0.5005712214650884,0.8320157745877813,-0.45349749665144723,-0.3924710248870701,-0.33144455312269294
SGP,Singapore,False,2023,173.199932977376,27.4343636046425,94.28518987,0.0795801860241645,13.8432992197459,86.0771205942299,8.515,3.444,0.26984593360976067,0.0,1.0,0.6812128662159393,0.4830226760061736,0.9592147454217129,0.9382179677115847,0.5794114125890508,0.3720126656384564,0.43481139907461075,0.49761013251076514,0.8256147085741161,-0.4536020429356597,-0.39080330949950537,-0.328004576063351
SGP,Singapore,False,2024,170.78256295407,27.813655026664,94.37757178,0.0979837330273541,14.1625578109794,85.7394584559933,6.329,2.737,0.2812302590095286,0.0002524998670431056,0.9948304804023351,0.5363654988731817,0.35325893387154217,0.9602234201416151,0.9196002755496563,0.587484968348572,0.3068256858624482,0.3756261653164369,0.4444266447704256,0.8224362213466144,-0.5156105354841662,-0.44681005603017754,-0.37800957657618883
THA,Thailand,False,2015,145.932577028654,8.83035128821556,39.3161267365004,32.3345065204086,23.7199822557498,43.94552128009,3.094,0.597,0.6220349635676088,0.4425432015635737,0.35497616205106675,0.09793075189510346,0.16122521666864537,0.3590333423800515,0.7282148510067766,0.18340843950051766,0.33990812152393457,0.34141492557664777,0.34292172962936107,0.4235522109624486,-0.08364408943851404,-0.08213728538580084,-0.08063048133308753
THA,Thailand,False,2016,168.88127084564,10.187716904417,47.5049656215909,31.2290600430982,23.7258928161447,45.0450446122349,3.714,0.688,0.6222457260801242,0.42737628355066193,0.37180957856408486,0.11657447244417127,0.1980292057461712,0.44844343109485313,0.9049572251091433,0.21230117567169832,0.35079989408175527,0.3529008625299882,0.3550018309782212,0.5219006106252316,-0.17110071654347636,-0.16899974809524343,-0.16689877964701044
THA,Thailand,False,2017,170.783699598766,11.5345396717409,52.8919293439676,31.5296819916623,22.9001965786271,45.5701188910502,4.373,0.83,0.5928025257798717,0.43150086899223566,0.379848329336502,0.14566687154271665,0.23714828445921882,0.5072611598449036,0.9196090295678014,0.24096949791381256,0.3598447205328925,0.36184508141325344,0.36384544229361443,0.5559465624421726,-0.19610184190928004,-0.1941014810289191,-0.19210112014855812
THA,Thailand,False,2018,175.266001933225,12.8740610702362,56.8174809301456,32.1983100446982,22.8486643164464,44.9530256388553,4.011,0.765,0.5909649556803965,0.44067456221906814,0.3704007919920187,0.1323499282933825,0.21565950373976017,0.5501224153293344,0.9541300686454369,0.26948240401694756,0.35242675715621824,0.3542241606397983,0.3560215641233784,0.5912449626639064,-0.23881820550768812,-0.23702080202410808,-0.23522339854052798
THA,Thailand,False,2019,181.221874232713,14.1338059581469,66.6524194587528,31.4905856675213,22.8893483662012,45.6200634452476,4.19,0.716,0.5924156933385424,0.43096446062238364,0.3806129674835814,0.12231100184388444,0.22628517155407812,0.6575054935271993,1.0,0.29629719603389504,0.35106664347553007,0.35402127587633525,0.3569759082771404,0.6512675631870315,-0.3002009197115014,-0.29724628731069624,-0.2942916549098911
THA,Thailand,False,2020,162.327737376294,16.021813562656,77.84374066,31.3894710294934,22.6027550384991,46.0077764439411,5.199,1.099,0.5821961666302485,0.4295771501950116,0.3865487527495359,0.20077852898996107,0.2861806957141161,0.7796982775690474,0.8544843278990112,0.3364851195787101,0.3823140862040961,0.38273755285864014,0.3831610195131841,0.6568892416822562,-0.27457515547816,-0.274151688823616,-0.27372822216907206
THA,Thailand,False,2021,168.485285358167,17.3168855632327,85.26956666,31.8973264305607,22.2725385292104,45.8301350402289,5.858,1.215,0.5704210968362189,0.43654501466289874,0.38382910901736406,0.2245441507887728,0.3252997744271637,0.860777386678097,0.9019074909619974,0.36405188065525756,0.3958963132874296,0.39468959286042304,0.3934828724334165,0.7089122527651174,-0.3130159394776878,-0.31422265990469433,-0.31542938033170087
THA,Thailand,False,2022,176.22279253783,17.5125815621477,87.97724503,30.4232397167292,22.2352690912822,47.3414812840193,5.208,0.94,0.569092119572986,0.41632028846267477,0.4069674272988686,0.16820323704158982,0.2867149471684673,0.8903412560703295,0.9614989169260986,0.3682174443021621,0.36772123961694503,0.3716458583851374,0.37557047715332975,0.7400192057661967,-0.3722979661492517,-0.3683733473810593,-0.364448728612867
THA,Thailand,False,2023,168.642808295144,14.5089451983046,89.53525238,30.2203833465474,21.9241712091058,47.8554430043835,4.491,0.733,0.5579987939143368,0.41353706376740956,0.4148360476889066,0.1257938946937103,0.24415291463848982,0.9073524071427289,0.9031206745130492,0.3042823689040211,0.34259375326083297,0.34981798270364034,0.3570422121464477,0.7049184835199331,-0.36232473025910017,-0.3551005008162928,-0.3478762713734854
THA,Thailand,False,2024,160.639312286761,14.8870491187484,90.86718789,28.9863358878798,22.2543475044884,48.7593092354398,4.66,0.781,0.569772429735389,0.3966057179141103,0.42867400482415124,0.1356279450932186,0.25418496972575094,0.9218951858910469,0.8414807007123002,0.31233064763473156,0.34770610120818113,0.3558028915697781,0.3638996819313752,0.6919021780793595,-0.34419607687117837,-0.3360992865095814,-0.3280024961479843
VNM,Vietnam,False,2015,129.627056599416,8.24967739226207,45.0,44.0184515218041,22.7436707500954,33.2378777281005,6.267,1.848,0.5872210284783008,0.6028489599524327,0.19104492156346808,0.35423069043228844,0.34957853496378966,0.4210928870681837,0.6026357476982875,0.17104827840830833,0.47268840688299635,0.4445240583510435,0.41635970981909076,0.3982589710582598,0.07442943582473655,0.046265087292783724,0.01810073876083096
VNM,Vietnam,False,2016,128.297962650408,9.679017739946,53.0,41.8649072066788,24.7622070388361,33.37288761068,6.763,1.848,0.659199276122252,0.5733019572389704,0.19311188778454955,0.35423069043228844,0.37902172622581026,0.5084411326199104,0.5923995564001627,0.201473060848301,0.49573327844899434,0.46547113938254986,0.4352090003161054,0.4341045832894581,0.06162869515953623,0.031366556093091746,0.0011044170266472642
VNM,Vietnam,False,2017,126.097912313395,11.8410316814328,58.1400000036297,40.1554391261382,25.7768318231697,34.0677198752187,7.124,1.874,0.6953794104105567,0.5498477577318794,0.20374958920817154,0.35955746773202213,0.4004511456725632,0.5645623804265258,0.5754555802937501,0.2474934533381327,0.5085855280206892,0.47810193413943747,0.4476183402581857,0.4625038046861363,0.04608172333455296,0.01559812945330119,-0.014885464427950579
VNM,Vietnam,False,2018,146.137840768403,13.5025072757898,69.8479286837965,37.7241139171479,26.7047230561435,35.5711648258268,4.648,1.161,0.7284667446963854,0.5164895528215868,0.2267669407441413,0.21348084408932597,0.25347263445328266,0.6923957590836899,0.7297957166093982,0.2828594412706635,0.43857630360888517,0.4173953673224108,0.39621443103593645,0.5683503056545839,-0.12977400204569872,-0.1509549383321731,-0.17213587461864743
VNM,Vietnam,False,2019,140.192561828615,15.2328957557438,68.6615802057338,34.5351601063592,29.5891842687317,35.8756556249091,5.624,1.681,0.8313226926608246,0.47273655166962414,0.23142861575865442,0.3200163900839992,0.31140923661403297,0.6794425768122226,0.6840073714033991,0.31969230135509163,0.5018005248066802,0.47476333390187764,0.44772614299707514,0.5610474165235712,-0.059246891716890904,-0.08628408262169351,-0.11332127352649601
VNM,Vietnam,False,2020,141.655558720912,17.0262915402718,70.30000012,32.6123879661738,31.0698896075906,36.3177224262355,6.546,2.103,0.8841226230671279,0.4463557833499705,0.23819654361952877,0.4064740831796763,0.36614033004867624,0.6973317149357432,0.6952748337745066,0.3578663280391338,0.5476615468972206,0.5167150465694514,0.48576854624168225,0.5834909589164613,-0.035829412019240725,-0.06677591234700986,-0.09772241267477905
VNM,Vietnam,False,2021,136.806313165021,19.5362327330994,74.20999985,29.0283266030004,33.1255735800284,37.8460942595862,6.903,2.383,0.9574255063846927,0.39718183783181743,0.26159551925324176,0.46383937717680807,0.3873323044046064,0.7400231670011462,0.6579277333692038,0.41129266197890857,0.579456939877125,0.5476707978147367,0.5158846557523483,0.6030811874497529,-0.023624247572627932,-0.05541038963501621,-0.0871965316974046
VNM,Vietnam,False,2022,137.852422819653,21.3681380805533,78.58999918,33.4623722339218,30.6825928896503,35.8550348764279,6.097,1.57,0.8703121509784701,0.4580177153980645,0.23111291745753965,0.29727514853513626,0.33948711860382286,0.7878463241253011,0.6659844840237535,0.4502863990109992,0.5118877551578936,0.48381027138785826,0.4557327876178229,0.634705735720018,-0.12281798056212434,-0.15089546433215972,-0.1789729481021951
VNM,Vietnam,False,2023,130.991428667547,22.6806675035061,78.08,26.9827056291982,33.467876483268,39.5494160842561,6.441,1.645,0.9696315604824342,0.3691155621396303,0.2876729337947312,0.31264085228436794,0.3599073964145791,0.7822778824245736,0.613143638055949,0.47822475687246674,0.532849642747393,0.5083319718521269,0.4838143009568607,0.624548759117663,-0.09169911637027006,-0.11621678726553619,-0.14073445816080238
VNM,Vietnam,False,2024,127.606471743496,23.711259212336,84.15,25.8741334316538,34.3195198506067,39.8063485099891,6.338,1.602,1.0,0.35390575870124247,0.29160650247091974,0.3038311821348084,0.3537931853258934,0.8485533637369463,0.5870739485231965,0.5001618193617596,0.5351872436054239,0.5108291694919735,0.48647109537852307,0.6452630438739675,-0.11007580026854358,-0.13443387438199395,-0.15879194849544442
